{
  "locations": [
    {
      "Lat": 19.42672619,
      "Lon": -99.1718706,
      "Name": "Platzi HQ CDMX"
    },
    {
      "Lat": 4.6560716,
      "Lon": -74.0595918,
      "Name": "Platzi HQ Bogota"
    }
  ]
}